id,course_image,course_title,course_desc,course_content,duration,total_fees,installments,course_url,created_at,updated_at
113,JtEFZmfs3nhLH4rJku6zAmIfSnEOCKlkZEuvLuvf.jpg,BASIC,"The Basic Computer Course is designed for individuals who are new to computers or want to improve their foundational skills. It provides a comprehensive understanding of essential computer operations, commonly used software, and the internet. Upon completing this course, students will have the confidence to use computers effectively for personal, academic, or professional purposes.

Duration: 4 months
Mode: Classroom/Online
Certification: Yes","<h2>basic computer course in Jahangirpuri</h2><p><a href=""https://nicecomputerinstitute.nicewebtech.com/https://www.computerinstituteindelhijahangirpuri.com/"" target=""_blank"" style=""background-color: rgba(255, 255, 255, 0); color: rgb(0, 33, 71);"">Nice Computer Institute</a>&nbsp;Provides with the best job oriented basic computer course in Jahangirpuri. This course comprises of :</p><h2><strong style=""color: rgb(153, 51, 0);"">Course Outlines</strong></h2><p><span style=""color: rgb(153, 51, 0);"">Introduction to Computer System�</span></p><p><span style=""color: rgb(153, 51, 0);"">Basic Computer Concept</span></p><p><span style=""color: rgb(153, 51, 0);"">Computer Organisation</span></p><p><span style=""color: rgb(153, 51, 0);"">Windows OS</span></p><p><span style=""color: rgb(153, 51, 0);"">Microsoft Office</span></p><p><span style=""color: rgb(153, 51, 0);"">MS Word</span></p><p><span style=""color: rgb(153, 51, 0);"">MS Excel</span></p><p><span style=""color: rgb(153, 51, 0);"">MS PowerPoint</span></p><p><span style=""color: rgb(153, 51, 0);"">Internet &amp; its usage�</span></p><h1>Empowering Futures:</h1><h2>Your Gateway to Basic Computer Education at Nice Computer Institute, Jahangirpuri</h2><p><a href=""https://nicewebtechnologies.com/"" target=""_blank"" style=""background-color: rgba(255, 255, 255, 0); color: rgb(0, 33, 71);"">Nice Web Technoloiges</a></p><p><strong>Why Choose Nice Computer Institute?</strong></p><p>At Nice Computer Institute, we understand the importance of a strong foundation in computer education. Whether you’re a beginner taking your first steps into the digital realm or someone looking to enhance their existing skills, our institute caters to all levels of learners.</p><p><strong>Comprehensive Courses for All Skill Levels</strong></p><p>Our carefully crafted curriculum covers a spectrum of basic computer courses, ensuring that each student finds a path that aligns with their goals. From computer fundamentals and essential software applications to basic programming and web development, our courses are designed to equip you with the skills demanded by today’s competitive job market.</p><p><strong>Experienced and Supportive Faculty</strong></p><p>Our team of experienced instructors is passionate about teaching and dedicated to your success. They bring real-world industry insights into the classroom, ensuring that you not only grasp the theoretical concepts but also gain practical, hands-on experience. Our faculty understands that every learner is unique, and they are committed to providing personalized attention to foster an environment of growth and understanding.</p><p><strong>State-of-the-Art Infrastructure</strong></p><p>Nice Computer Institute boasts state-of-the-art facilities, providing a conducive environment for effective learning. Our well-equipped computer labs are outfitted with the latest technology, giving students the opportunity to apply their knowledge in a hands-on setting. We believe in learning by doing, and our infrastructure reflects this commitment.</p><p><strong>Career Guidance and Placement Support</strong></p><p>Your success is our priority, and that doesn’t end with the completion of your course. Nice Computer Institute provides career guidance and placement support to help you transition seamlessly into the workforce. Our industry connections and partnerships open doors to exciting opportunities, ensuring that you step confidently into the professional world.</p><p><strong>Community Engagement and Networking</strong></p><p>Being part of Nice Computer Institute means joining a community that values collaboration and networking. We organize workshops, seminars, and events to facilitate interactions with industry professionals, creating a platform for you to expand your network and stay updated on the latest trends in the tech industry.</p><p><strong>Enroll Today, Transform Tomorrow</strong></p><p>Embark on your journey into the world of computers with Nice Computer Institute. Whether you’re a student, professional, or someone seeking a career change, our institute welcomes you to explore the endless possibilities that basic computer education can offer.</p><p>Visit us in Jahangirpuri, and let Nice Computer Institute be your partner in realizing your potential in the digital era. Enroll today, and together, let’s shape a future where your skills are the keys to success!</p>",4,4000,4,basic,2024-12-13,2024-12-13
114,xYHTnGhD3nCbhWu3R9dnaJ8Dea6YafhrawsZREPw.png,GRAPHICS,Unlock your potential with our graphic designing course at Nice Computer Institute in jahangirpuri,"<p>Unlock Your Creative Potential with Our Graphic Design Program.Best Graphic Design Institute in Jahangirpuri</p><p>Are you passionate about visual storytelling, creativity, and digital communication? Join our Graphic Design course at Nice Computer Institute and embark on a journey to become a skilled and versatile graphic designer.</p><h2>About the Course</h2><p>Our Graphic Design course is carefully crafted to provide a comprehensive understanding of design principles, industry-standard software, and hands-on experience. Whether you are a beginner or seeking to enhance your existing skills, our program caters to all levels of expertise.</p><p><strong>Program Highlights:</strong></p><ul><li><strong>Hands-On Projects:</strong>&nbsp;Engage in real-world design projects to apply your skills and build a compelling portfolio.</li><li><strong>Expert Faculty:</strong>&nbsp;Learn from experienced and industry-relevant instructors passionate about nurturing creative talent.</li><li><strong>State-of-the-Art Facilities:</strong>&nbsp;Immerse yourself in a dynamic learning environment equipped with cutting-edge design labs and software.</li><li><strong>Internship Opportunities:</strong>&nbsp;Gain practical experience through internship placements, connecting classroom learning to the professional world.</li></ul><h2>Curriculum Overview</h2><p>Our curriculum covers a wide range of topics, including:</p><ul><li><strong>Fundamentals of Design:</strong>&nbsp;Learn the core principles of graphic design, including layout, typography, and color theory.</li><li><strong>Digital Imaging:</strong>&nbsp;Master the art of manipulating and enhancing images using industry-standard software.</li><li><strong>Web Design:</strong>&nbsp;Explore the essentials of designing engaging and user-friendly websites.</li><li><strong>Print Design:</strong>&nbsp;Develop skills in creating visually striking print materials, from brochures to posters.</li><li><strong>Branding and Identity:</strong>&nbsp;Understand the importance of creating a cohesive brand identity for businesses and organizations.</li></ul><h2>Admission Requirements</h2><p>To enroll in our Graphic Design course, applicants should:</p><ul><li>Have a passion for design and creativity.</li><li>Possess basic computer literacy.</li><li>No prior design experience is required.</li></ul><h2>Apply Now</h2><p>Ready to turn your passion for design into a fulfilling career? Apply now to join the Best Graphic Design Institute in Jahangirpuri. Contact our admissions team for more information or schedule a visit to our campus.</p><ul><li><a href=""https://www.computerinstituteindelhijahangirpuri.com/course/graphic-design"" target=""_blank"" style=""background-color: rgba(255, 255, 255, 0); color: rgb(0, 33, 71);"">Graphic Design</a><span style=""color: rgb(0, 0, 255);"">&nbsp;Concepts &amp; Practices</span></li><li><span style=""color: rgb(0, 0, 255);"">Elements of design</span></li><li><span style=""color: rgb(0, 0, 255);"">Typography</span></li><li><span style=""color: rgb(0, 0, 255);"">Color</span></li><li><span style=""color: rgb(0, 0, 255);"">Layout</span></li></ul><h5><span style=""color: rgb(0, 128, 0);"">Create the industry standard for Page Layout</span>&nbsp;in Nice Computer Institute</h5><pre class=""ql-syntax"" spellcheck=""false"">Create layouts with text, color, and graphics Create multi-page documents such as brochures, books, magazines, and more
</pre><p><em style=""color: rgb(0, 0, 255);"">Prepare files for final output, such as a print or PDF</em></p><p><em style=""color: rgb(0, 0, 255);"">Photoshop: The industry standard for Photo Retouching</em></p><p><em style=""color: rgb(0, 0, 255);"">Retouch photos, create graphics, and more</em></p><p><em style=""color: rgb(0, 0, 255);"">Adjust color, contrast, and more</em></p><p><em style=""color: rgb(0, 0, 255);"">Prepare images for use on the web or in print</em></p><p><em style=""color: rgb(0, 0, 255);"">Course Syllabus | Graphic Design Certificate 1</em></p><p><em style=""color: rgb(0, 0, 255);"">The industry standard for Drawing, Logos, and Graphics</em></p><h4><span style=""color: rgb(0, 128, 0);"">Create graphics:</span></h4><p><span style=""color: rgb(0, 0, 255);"">logos, icons, patterns, packaging, and more</span></p><p><span style=""color: rgb(0, 0, 255);"">Draw vector graphics for web and print</span></p><p><span style=""color: rgb(0, 0, 255);"">Create a Portfolio</span></p><p><span style=""color: rgb(0, 0, 255);"">Use InDesign, Photoshop, and Illustrator to produce designs</span></p><ul><li><span style=""color: rgb(0, 0, 255);"">Create projects such as logos, social media graphics, stationery, book/eBook covers, album art, event posters, and email announcements</span></li></ul>",4,14750,4,graphics,2024-12-13,2024-12-13
115,i0MspkkDslqpp2oY7YF4AuWM3Fqm9kSR64w4bOjr.jpg,DCA(DTP),"<h1>DCA (DTP) Course at Computer Institute in Jahangirpuri, Delhi</h1> <p>Master essential computer and desktop publishing skills at Nice Web Technologies, the top-rated Computer Institute in Jahangirpuri, Delhi. Our comprehensive DCA (DTP) course includes MS Office (Word, Excel, PowerPoint, Paint), Internet usage, and professional graphic designing tools like CorelDRAW, Photoshop, and Illustrator.</p>","<h2>Course Content</h2> <ul> <li><strong>MS Paint</strong>: Learn the basics of digital drawing and editing.</li> <li><strong>MS Word</strong>: Create, format, and manage professional documents.</li> <li><strong>MS PowerPoint</strong>: Design impactful presentations with animations and multimedia.</li> <li><strong>MS Excel</strong>: Master spreadsheets, formulas, and data management tools.</li> <li><strong>Internet Usage</strong>: Explore email, online research, and web navigation for daily tasks.</li> <li><strong>CorelDRAW</strong>: Develop vector graphic design skills for logos, brochures, and posters.</li> <li><strong>Adobe Photoshop</strong>: Edit photos and create stunning graphics with advanced tools.</li> <li><strong>Adobe Illustrator</strong>: Create illustrations, logos, and high-quality vector designs.</li> </ul>",8,18100,8,dca(dtp),2024-12-13,2024-12-13
116,ulqrO9KINv3p9AYEia5Svue5tKe40fuj45Nw1uR3.jpg,HDCA(WEB),"All-in-One Professional Computer Course: The HDCA (Hardware and Digital Computer Applications) course at Nice Web Technologies in Jahangirpuri, Delhi, is a 12-month comprehensive program that equips you with essential computer skills for career advancement.

Designed for Local Aspirants: This course includes foundational to advanced knowledge in Excel, Tally Prime, and Graphic Design, making it perfect for students and job seekers in Jahangirpuri and nearby areas.","<ul><li><strong>Basic &amp; Advanced Excel (MIS)</strong>: Master formulas, pivot tables, data analysis, and reporting.</li><li><strong>Tally Prime</strong>: Learn financial accounting, GST, payroll management, and inventory control.</li><li><strong>Graphic Design</strong>: Gain expertise in CorelDRAW, Adobe Photoshop, and Illustrator.</li><li><strong>Duration</strong>: 12 months of practical, career-oriented training.</li></ul><p>Join the <strong>best computer institute in Jahangirpuri, Delhi</strong>, and boost your professional skills with the HDCA course. For more details, visit <a href=""https://www.computerinstituteindelhijahangirpuri.com/"">computerinstituteindelhijahangirpuri.com</a>.</p>",12,7850,12,hdca(web),2024-12-13,2024-12-13
117,6Lvg6lKrnx7NxeF4bhTpIvJVeT7PfVZLNMwf94AL.jpg,HDCS(WEB),Nice Web Technologies offers professional training in web designing course. Learn from the experts and get ahead in your career.,"<p><strong>Web Designing course</strong>&nbsp;with Nice Web Technologies</p><p><a href=""https://nicewebtechnologies.com/"" target=""_blank"" style=""background-color: rgba(255, 255, 255, 0); color: rgb(0, 33, 71);"">Nice Web Technologies</a>&nbsp;offers professional training in&nbsp;<strong>web designing course</strong>. Learn from the experts and get ahead in your career.</p><p>The course includes all the latest tools and technologies that every web designer needs to know. The training is conducted by Professional&nbsp;<a href=""https://www.computerinstituteindelhijahangirpuri.com/course/graphic-design"" target=""_blank"" style=""background-color: rgba(255, 255, 255, 0); color: rgb(0, 33, 71);"">graphic design</a>&nbsp;&amp; Web Design instructor from&nbsp;<a href=""https://www.computerinstituteindelhijahangirpuri.com/"" target=""_blank"" style=""background-color: rgba(255, 255, 255, 0); color: rgb(0, 33, 71);"">Nice Computer Institute</a>, who has more than 15 years of experience in designing websites.</p><p>If you’re a student who wants to learn more about&nbsp;<strong>web design course</strong>, you’ve come to the right place. This will help you build your skills and create beautiful websites packed with information and resources . Whether you’re a beginner or a pro, you’ll find something here to help you take your web design skills to the next</p><p>Your transition into&nbsp;<strong>web design course</strong>&nbsp;from Nice Web Technologies when learned is not just about learning the basics skill but also There are so many things that you need to know and learn in order to create an amazing website, such as HTML, CSS, JavaScript, AJAX, MySQL, PHP and Node.js. Find out if you have what it takes to be a web designer by enrolling in the course today!</p><p><strong>Learn Web Design Course</strong>&nbsp;from Nice Computer Institute the Course Includes HTML,CSS,JAVASCRIPT,AZAX,JQUERY,MYSQL,PHP,NODE.JS and many more.</p><p>This course is for students who want to learn about web design and development. The course includes topics like HTML, CSS, JavaScript, AJAX, jQuery, MySQL, PHP, Node.js, and many more. This course is perfect for students who want to learn how to create websites from scratch or improve their existing skills.</p><h2>Introduction to Web Development</h2><p>in this section, we will be discussing the basics of&nbsp;<strong>a web designing course</strong>&nbsp;and some of the essential skills. We will also be providing some tips on how to choose the right web development course for you.</p><p>Web design is the process of creating and maintaining websites. It involves a lot of different aspects, such as website design, web content development, server-side scripting, client-side scripting, and database management.</p><p>As a web designer, you need to have a good understanding of all these different aspects in order to be able to create a successful website.</p><p>The first step in becoming a web developer is to choose the right web development course. There are many different courses available, so it is important to find one that suits your needs and interests.</p><p>If you are interested in learning about all aspects of web development, then you should enroll in a comprehensive course that covers everything from website design to server-side scripting. However, if you only want to focus on one specific aspect of web development, such as<strong>&nbsp;website design course</strong>, then you can enroll in a course that only covers that topic.</p><p>Once you have chosen the right course, it is time to start learning!</p><p>What are some of the top courses provided by computer training institutes in Delhi?</p><p><br></p><p>1.&nbsp;<a href=""https://www.computerinstituteindelhijahangirpuri.com/course/digital-marketing"" target=""_blank"" style=""background-color: rgba(255, 255, 255, 0); color: rgb(0, 33, 71);"">Digital Marketing</a></p><p>2.<a href=""https://www.computerinstituteindelhijahangirpuri.com/course/autocad"" target=""_blank"" style=""background-color: rgba(255, 255, 255, 0); color: rgb(0, 33, 71);"">AutoCAD (Computer Aided Design)</a></p><p>3.<a href=""https://www.computerinstituteindelhijahangirpuri.com/course/marg"" target=""_blank"" style=""background-color: rgba(255, 255, 255, 0); color: rgb(0, 33, 71);"">Marg accountancy course (ERP-9)</a></p><p>4.<a href=""https://www.computerinstituteindelhijahangirpuri.com/course/tally"" target=""_blank"" style=""background-color: rgba(255, 255, 255, 0); color: rgb(0, 33, 71);"">Tally accountancy course (ERP-9)</a></p><p>5.<a href=""https://www.computerinstituteindelhijahangirpuri.com/course/busy"" target=""_blank"" style=""background-color: rgba(255, 255, 255, 0); color: rgb(0, 33, 71);"">Busy accountancy course</a></p><p>6.<a href=""https://www.computerinstituteindelhijahangirpuri.com/course/advance-excel"" target=""_blank"" style=""background-color: rgba(255, 255, 255, 0); color: rgb(0, 33, 71);"">Advance Excel Course</a></p><p>7.<a href=""https://nicecomputerinstitute.nicewebtech.com/best-graphic-designing-and-multimedia-institute-nice-computer-institute/?customize_changeset_uuid=2b0f001c-8c0b-4cec-a78c-3fb0939bcb06&amp;customize_messenger_channel=preview-1"" target=""_blank"" style=""background-color: rgba(255, 255, 255, 0); color: rgb(0, 33, 71);"">Graphic Designing Course</a></p><p>8.<a href=""https://www.computerinstituteindelhijahangirpuri.com/course/web-design"" target=""_blank"" style=""background-color: rgba(255, 255, 255, 0); color: rgb(0, 33, 71);"">Web Designing Course</a></p><p>9.<a href=""https://nicecomputerinstitute.nicewebtech.com/courses/python-institute-jahangirpuri/"" target=""_blank"" style=""background-color: rgba(255, 255, 255, 0); color: rgb(0, 33, 71);"">Python Programming Language</a></p><p>10<a href=""https://nicecomputerinstitute.nicewebtech.com/courses/programming-languages/"" target=""_blank"" style=""background-color: rgba(255, 255, 255, 0); color: rgb(0, 33, 71);"">.C++ Programming Language</a></p>",12,8000,12,hdcs(web),2024-12-13,2024-12-13
118,Bq4bCE1It0.jpg,TALLY(PRIME),"This Tally Prime course is designed for students and professionals who want to manage accounts, inventory, payroll, GST, TDS, and taxation efficiently. The program will provide you with practical skills in using Tally Prime software, the latest version of Tally, a widely used accounting and business management software in India.

Who Should Enroll:
Business Owners
Accounting Students
Professionals in Finance and Accounting
Entrepreneurs
Anyone looking to learn Tally for career advancement","<p>Welcome to Nice Computer Institute, your premier destination for Tally Prime training in Jahangirpuri.</p><p><strong>About the Tally Prime Course:</strong></p><p>Discover a comprehensive Tally Prime course designed to equip you with essential&nbsp;<a href=""https://www.computerinstituteindelhijahangirpuri.com/course/busy"" target=""_blank"" style=""background-color: rgba(255, 255, 255, 0); color: rgb(0, 33, 71);"">skills</a>&nbsp;in Tally Prime, a widely-used accounting software. Our program covers key aspects such as Tally Prime features, GST implementation, and practical accounting applications.</p><p><strong>Key Features of Our Tally Prime Course:</strong></p><ul><li><strong>Hands-on Training:</strong>&nbsp;Learn through practical experience with the Tally Prime software.</li><li><strong>Expert Guidance:</strong>&nbsp;Benefit from the expertise of experienced instructors.</li><li><strong>GST Implementation:</strong>&nbsp;Gain in-depth knowledge and skills in implementing GST.</li><li><strong>Real-world Projects:</strong>&nbsp;Apply your learning to real-world accounting scenarios and projects.</li><li><strong>Interactive Learning:</strong>&nbsp;Engage in an interactive and supportive learning environment.</li><li><strong>Placement Assistance:</strong>&nbsp;Access placement assistance for successful course completion.</li></ul><p><strong>Course Curriculum:</strong></p><p>Our Tally Prime course covers a range of topics, including:</p><ul><li>Introduction to Tally Prime</li><li>Basic and Advanced Accounting in Tally</li><li>GST Setup and Implementation</li><li>Tally Prime Features and Functions</li><li>Practical Applications and Case Studies</li></ul><p><strong>Enrollment Information:</strong></p><p>Ready to enhance your accounting skills with Tally Prime? Enroll in our course today. For details on course fees, schedules, and enrollment, please contact us:</p><ul><li>Email: nicewebtechnologies@gmail.com</li><li>Phone: 9312945741</li></ul><p>Tally Institute in Jahangirpuri course at&nbsp;<a href=""https://www.nicewebtechnologies.com/"" target=""_blank"" style=""background-color: rgba(255, 255, 255, 0); color: rgb(0, 33, 71);"">Nice Web Technologie</a>s module contain:</p><ol><li><strong>Accountancy Management</strong>– At&nbsp;<a href=""https://computerinstituteindelhijhangirpuri.com/"" target=""_blank"" style=""background-color: rgba(255, 255, 255, 0); color: rgb(0, 33, 71);"">Nice Computer Institute</a>&nbsp;you get to study Basics of Accountancy, Balancing Methods, Foreign Currency, Interest calculation, Cost Categories &amp; Cost Centers. Budgets, Bank Reconciliation, Cheque management, Reversing Journal &amp; Memorandum vouchers &amp; MIS Reporting</li><li><strong>Inventory Management</strong>–<a href=""https://nicecomputerinstitute.nicewebtech.com/"" target=""_blank"" style=""background-color: rgba(255, 255, 255, 0); color: rgb(0, 33, 71);"">Nice Computer Institute</a>&nbsp;Item Creation, Multi Unit, Go-down, Batch-wise entries, Quotation, Order, Challan, Delivery, Expired Item Details, Transfer of material, Stock Categories, Bill of material, Price -list, Tracking, Rejection inward -outward &amp; MIS Reporting</li><li><strong>Taxation</strong>– Also you learn complete tally with GST (Intra-State &amp; Inter-State), Multi GST Billing, TDS, TCS, Service Tax, Excise &amp; MIS Reporting.</li><li><strong>Payroll</strong>– Employee creation, Group, Attendance, Leave, Salary- Slip Creation, MIS-Reporting.</li></ol><p>Tally, recognized as one of the most primitive software solutions, has endured the test of time, dedicating over 20+ years to refining technology for the benefit of small and medium businesses. Through daring pursuits of unconventional ideas, addressing unthinkable scenarios, and resolving everyday business challenges, Tally consistently provides solutions that not only simplify life but also foster business growth.</p><p>Simultaneously, Nice Computer Institute seamlessly integrates Tally into its curriculum, ensuring students not only acquire proficiency in the software but also grasp the intricacies of accountancy associated with it. Additionally, transcending traditional education, the institute actively facilitates the initial steps of students’ professional journeys by offering first job placement opportunities.</p><p>By creating a comprehensive learning environment, Nice Computer Institute empowers students with both the technical prowess of Tally and the practical insights necessary for a successful career placement. Essentially, the institute acts as a bridge, connecting theoretical knowledge with real-world applications and opening doors to promising career paths for its students.</p>",3,37850,3,tally(prime),2024-12-13,2024-12-13
119,L3QwN9nf2J.png,TYPING,"Welcome to Nice Computer Institute in Jahangirpuri, where we bring you comprehensive training in MARG ERP Course at Nice Computer Institute, a leading accounting and inventory management software. Our MARG ERP course is designed to equip students with the skills and knowledge needed to effectively use this powerful business management tool.","<h2>Course Overview</h2><p><strong>Course Title:</strong>&nbsp;MARG ERP Training</p><p><strong>Duration:</strong>&nbsp;18 Weeks</p><p><strong>Mode:</strong>&nbsp;Onsite</p><p><strong>Course Code:</strong>&nbsp;MARG101</p><h2>What You Will Learn</h2><ul><li><strong>Introduction to MARG ERP:</strong>&nbsp;Understand the fundamentals and features of MARG ERP software.</li><li><strong>Accounting with MARG:</strong>&nbsp;Learn how to manage and maintain accurate financial records using MARG ERP.</li><li><strong>Inventory Management:</strong>&nbsp;Gain proficiency in handling inventory, tracking stock levels, and managing supply chains.</li><li><strong>GST Compliance:</strong>&nbsp;Explore the GST module within MARG ERP, ensuring compliance with tax regulations.</li><li><strong>Practical Application:</strong>&nbsp;Get hands-on experience through practical exercises and real-world scenarios.</li></ul><h2>Why Choose MARG ERP at&nbsp;<a href=""http://nicewebtechnologies.com/"" target=""_blank"" style=""background-color: rgba(255, 255, 255, 0); color: rgb(0, 33, 71);"">Nice Computer Institute</a>?</h2><ul><li><strong>Experienced Instructors:</strong>&nbsp;Learn from industry professionals with extensive experience in MARG ERP and accounting practices.</li><li><strong>Practical Training:</strong>&nbsp;Our curriculum emphasizes practical skills, ensuring you can apply what you learn in a real business setting.</li><li><strong>Placement Assistance:</strong>&nbsp;Benefit from our dedicated placement cell that actively connects students with job opportunities in the field.</li></ul><h2>Course Schedule (Spring 2024)</h2><ul><li><strong>Start Date:</strong>Feb 1, 2024</li><li><strong>End Date:</strong>&nbsp;March 15, 2024</li><li><strong>Location:</strong>&nbsp;Nice Computer Institute, A1-9/10, A Block Rd, Bhalswa Jahangirpuri, Delhi, 110033, India</li></ul><h2>Enroll Now!</h2><p>Don’t miss the opportunity to enhance your skills and open doors to new career possibilities. Enroll in our MARG ERP course at Nice Computer Institute today!</p><p>For more information and enrollment details,&nbsp;<a href=""https://www.computerinstituteindelhijahangirpuri.com/course/courses"" target=""_blank"" style=""background-color: rgba(255, 255, 255, 0); color: rgb(0, 33, 71);"">visit our course page</a>.</p><p>Contact at : 9312945741</p>",4,30350,4,typing,2024-12-13,2024-12-13
120,jEXAQtQ0jv.jpg,DCA(PRIME),"Dive into the world of Digital Marketing with our comprehensive course. Learn SEO, social media marketing, PPC, content marketing, email marketing, and analytics from industry experts. Gain hands-on experience and certification to kickstart or level up your career. Enroll now and become a digital marketing pro!","<h4><strong>Welcome to the Ultimate Digital Marketing Course</strong></h4><p>Are you ready to unlock the power of digital marketing and create campaigns that convert? At <a href=""https://www.computerinstituteindelhijahangirpuri.com/"" target=""_blank""><strong>Nice Computer Institute</strong></a><strong> in Jhangirpuri</strong>, we offer an all-in-one Digital Marketing course designed for beginners and professionals alike.</p><p><br></p><h3><strong>Why Choose Our </strong><a href=""https://www.nicewebtechnologies.com"" target=""_blank""><strong>Digital Marketing</strong></a><strong> Course?</strong></h3><ul><li><strong>Expert Trainers:</strong> Learn from experienced professionals who bring years of expertise to the table.</li><li><strong>Practical Learning:</strong> Work on live projects to build real-world skills.</li><li><strong>Flexible Schedules:</strong> Choose from weekday, weekend, or online classes to suit your lifestyle.</li><li><strong>Certification:</strong> Receive industry-recognized certification upon course completion.</li></ul><h3><strong>What You’ll Learn:</strong></h3><h4><strong>Module 1: Introduction to Digital Marketing</strong></h4><ul><li>Understanding the basics of digital marketing</li><li>Difference between traditional and digital marketing</li><li>Digital marketing career opportunities</li></ul><h4><strong>Module 2: Search Engine Optimization (SEO)</strong></h4><ul><li>Keyword research and on-page SEO techniques</li><li>Off-page SEO strategies: Backlink building and outreach</li><li>Technical SEO essentials for better rankings</li></ul><h4><strong>Module 3: Social Media Marketing (SMM)</strong></h4><ul><li>Creating powerful campaigns on Facebook, Instagram, LinkedIn, and more</li><li>Growing your audience with organic and paid strategies</li><li>Measuring ROI from social media efforts</li></ul><h4><strong>Module 4: Pay-Per-Click Advertising (PPC)</strong></h4><ul><li>Introduction to Google Ads and Bing Ads</li><li>Setting up effective ad campaigns for maximum ROI</li><li>Remarketing strategies to re-engage potential customers</li></ul><h4><strong>Module 5: Content Marketing</strong></h4><ul><li>Crafting compelling content strategies</li><li>Blogging, video creation, and infographics</li><li>Understanding the buyer’s journey and content mapping</li></ul><h4><strong>Module 6: Email Marketing</strong></h4><ul><li>Building a subscriber list that converts</li><li>Writing impactful email campaigns</li><li>Tools and platforms for email automation</li></ul><h4><strong>Module 7: Analytics and Reporting</strong></h4><ul><li>Using Google Analytics and other tools to measure performance</li><li>Generating reports and insights for data-driven decisions</li><li>Continuous optimization of marketing strategies</li></ul><h3><strong>Course Highlights:</strong></h3><ul><li>60+ hours of instructor-led training</li><li>Access to premium tools like SEMrush, Ahrefs, and Mailchimp</li><li>Free eBooks and templates for marketing campaigns</li><li>Post-course placement assistance</li></ul><h3><strong>Who Should Join?</strong></h3><ul><li>Students seeking a career in digital marketing</li><li>Entrepreneurs aiming to grow their business online</li><li>Working professionals looking to upgrade their skills</li><li>Freelancers and consultants</li></ul><h3><strong>Enroll Today!</strong></h3><p>Have questions or need more information? Fill out our contact form, and we’ll get back to you soon. Visit: <a href=""https://www.computerinstituteindelhijahangirpuri.com/contact"" target=""_blank"">Contact Us</a>.</p>",8,24750,8,dca(prime),2024-12-13,2024-12-13
121,VevGjMec6J.png,HDCA(EXCL),"All-in-One Professional Computer Course: The HDCA (Hardware and Digital Computer Applications) course at Nice Web Technologies in Jahangirpuri, Delhi, is a 12-month comprehensive program that equips you with essential computer skills for career advancement.

Designed for Local Aspirants: This course includes foundational to advanced knowledge in Excel, Tally Prime, and Graphic Design, making it perfect for students and job seekers in Jahangirpuri and nearby areas.","All-in-One Professional Computer Course: The HDCA (Hardware and Digital Computer Applications) course at Nice Web Technologies in Jahangirpuri, Delhi, is a 12-month comprehensive program that equips you with essential computer skills for career advancement.

Designed for Local Aspirants: This course includes foundational to advanced knowledge in Excel, Tally Prime, and Graphic Design, making it perfect for students and job seekers in Jahangirpuri and nearby areas.",12,40350,12,hdca(excl),2024-12-13,2024-12-13
122,Y7DHsPPyP4.jpg,C Language,,,4,9100,4,c language,2024-12-13,2024-12-13
123,MgF9o19vh6.jpeg,HDCS(WEB+DGT),"Master Web Development and Digital Marketing: Our HDCS (Web + Digital) course in Jahangirpuri, Delhi, is a comprehensive program that combines web development with cutting-edge digital marketing strategies, empowering you with job-ready skills to excel in the digital era.

Tailored for Local Aspirants: Designed for students and professionals in Jahangirpuri and surrounding areas, this course covers everything from HTML, CSS, and JavaScript to SEO, social media marketing, and paid advertising.","<ul><li><strong>Web Development</strong>: HTML5, CSS3, JavaScript, Bootstrap, PHP, and MySQL.</li><li><strong>Digital Marketing</strong>: Search Engine Optimization (SEO), Social Media Marketing (SMM), Pay-Per-Click (PPC), Email Marketing, and Analytics.</li><li><strong>Design Tools</strong>: Adobe Photoshop, Canva, and Illustrator for branding and UI/UX.</li><li><strong>Real-World Projects</strong>: Live projects and internships for hands-on experience.</li></ul><p>Enroll in the best computer institute in Jahangirpuri, Delhi, and elevate your career with HDCS (Web + Digital). Visit our site <a href=""https://www.computerinstituteindelhijahangirpuri.com/"" target=""_blank"">computerinstituteindelhijahangirpuri.com</a> for more details!</p><h3><br></h3>",15,7850,15,hdcs(web+dgt),2024-12-13,2024-12-13
124,8iQTofR1SM.jpeg,PYTHON,"Learn Python Programming from Scratch: The Python course at Nice Web Technologies, Jahangirpuri, Delhi, is a comprehensive program designed for beginners and professionals looking to master Python for web development, data analysis, automation, and more.

Tailored for Local Aspirants: Perfect for students, developers, and tech enthusiasts in Jahangirpuri and nearby areas, this course combines foundational programming concepts with practical projects to build real-world skills.","<ul><li><strong>Introduction to Python</strong>: Variables, data types, loops, and conditionals.</li><li><strong>Advanced Python</strong>: Functions, OOP concepts, file handling, and error handling.</li><li><strong>Data Structures</strong>: Lists, tuples, dictionaries, and sets.</li><li><strong>Libraries and Frameworks</strong>: NumPy, Pandas, Matplotlib, Flask, and Django basics.</li><li><strong>Applications</strong>: Web development, data analysis, scripting, and automation.</li><li><strong>Project Work</strong>: Hands-on projects for real-world experience.</li><li><strong>Duration</strong>: Flexible schedule with career-focused training.</li></ul><p>Enroll in the <strong>best computer institute in Jahangirpuri, Delhi</strong>, and take the first step toward a rewarding career in Python programming. Visit <a href=""https://www.computerinstituteindelhijahangirpuri.com/"">computerinstituteindelhijahangirpuri.com</a> for more details and enrollment.</p>",3,10950,3,python,2024-12-13,2024-12-13
125,LeQcpyUBJ8.jpeg,BUSY,"Welcome to the BUSY Accounting Software Course
Take your accounting and financial management skills to the next level with our professional BUSY software training. At Nice Web Technologies, we offer a structured and practical course designed to help you efficiently handle business accounting, GST compliance, and financial reporting with ease.","<h3><strong>Why Choose Our BUSY Course Nice Computer Institute in Jahangirpuri?</strong></h3><ul><li><strong>Expert Trainers:</strong> Learn from <a href=""https://www.computerinstituteindelhijahangirpuri.com/course/tally-prime"" target=""_blank"">certified accountants</a> with real-world experience.</li><li><strong>Comprehensive Curriculum:</strong> Covers basic to advanced features of BUSY software.</li><li><strong>Practical Learning:</strong> Hands-on training with live projects.</li><li><strong>Industry Certification:</strong> Boost your career prospects with our certification.</li></ul><h3><strong>What Will You Learn?</strong></h3><h4><strong>Module 1: Introduction to </strong><a href=""https://nicewebtechnologies.com"" target=""_blank""><strong>BUSY Accounting Software</strong></a></h4><ul><li>Overview of BUSY software and its applications</li><li>Installation and setup for businesses</li><li>Understanding the user interface</li></ul><h4><strong>Module 2: Basic Accounting Operations</strong></h4><ul><li>Creating masters for accounts, items, and ledgers</li><li>Recording day-to-day transactions</li><li>Managing cash and bank accounts</li></ul><h4><strong>Module 3: GST Billing and Compliance</strong></h4><ul><li>Configuring GST settings in BUSY</li><li>Generating GST invoices and e-way bills</li><li>Filing GST returns using BUSY</li></ul><h4><strong>Module 4: Inventory Management</strong></h4><ul><li>Maintaining stock levels and managing orders</li><li>Creating sales and purchase orders</li><li>Generating stock valuation reports</li></ul><h4><strong>Module 5: Payroll Management</strong></h4><ul><li>Setting up employee payroll and salary structures</li><li>Processing monthly payroll and generating reports</li><li>Managing PF, ESI, and TDS compliance</li></ul><h4><strong>Module 6: Financial Reporting and Analysis</strong></h4><ul><li>Generating balance sheets, profit &amp; loss statements, and trial balances</li><li>Analyzing financial reports for decision-making</li><li>Exporting reports to Excel and other formats</li></ul><h3><strong>Who Should Enroll?</strong></h3><ul><li><strong>Business Owners:</strong> Streamline accounting and financial management.</li><li><strong>Students:</strong> Build career-ready accounting skills.</li><li><strong>Professionals:</strong> Upgrade knowledge for better job opportunities.</li></ul><h3><strong>Course Highlights:</strong></h3><ul><li>40+ hours of instructor-led training</li><li>Access to BUSY software for practice</li><li>Real-life case studies for better understanding</li><li>Free eBooks and GST compliance guides</li></ul><h3><strong>Enroll Today!</strong></h3><p>Take the first step toward mastering BUSY Accounting Software. Simplify your financial management and become a certified expert.</p><p><strong>Contact Us:</strong></p><p>For more details, call us at <strong>9312945741</strong> or visit our <a href=""https://www.computerinstituteindelhijahangirpuri.com/contact"" target=""_blank""><strong>Contact Page</strong></a> to register.</p>",4,6350,4,busy,2024-12-13,2024-12-13
126,n9IqyKqJBn.jpg,HDCS(ACC),"Master Accounting Skills with Comprehensive Training: The HDCS (Accounts) course at Nice Web Technologies in Jahangirpuri, Delhi, is a 12-month professional program combining essential accounting software and tools with practical training to prepare you for a successful career in finance and accounting.

Perfect for Local Aspirants: This program is tailored for students and job seekers in Jahangirpuri and surrounding areas, offering in-depth training in Tally Prime, Busy, Marg, Excel (MIS), and basic computer skills.","<h3>HDCS (Account)</h3><ul><li><strong>Basic Computer Applications</strong>: Foundational knowledge of MS Office, Windows, and file management.</li><li><strong>Tally Prime</strong>: Accounting, GST compliance, payroll, and inventory management.</li><li><strong>Busy Software</strong>: Advanced financial accounting and GST tools for business management.</li><li><strong>Marg ERP</strong>: Billing, inventory, and enterprise management tools for SMEs.</li><li><strong>Excel (MIS)</strong>: Data analysis, advanced formulas, pivot tables, and dashboards.</li><li><strong>Practical Training</strong>: Real-world accounting projects for hands-on learning.</li><li><strong>Duration</strong>: 12 months of intensive training for accounting and finance careers.</li></ul><p>Join the <strong>best computer institute in Jahangirpuri, Delhi</strong>, and gain expertise in accounting software with HDCS (Accounts). For more details, visit <a href=""https://www.computerinstituteindelhijahangirpuri.com/"" target=""_blank"">computerinstituteindelhijahangirpuri.com</a> or contact us today!</p>",12,6000,12,hdcs(acc),2024-12-13,2024-12-13
127,7MZdeFKDT9.png,PHP,"Comprehensive Accounting Skills Training: The DCA (Diploma in Computer Applications) Tally course at Nice Web Technologies, Jahangirpuri, Delhi, is an 8-month specialized program designed to build a strong foundation in accounting and financial management.

Ideal for Aspiring Accountants: Covering both Basic Computer Applications and Tally Prime, this course is tailored for students and professionals in Jahangirpuri and nearby areas looking to advance their careers in the accounting field.","<ul><li><strong>Basic Computer Applications</strong>: Introduction to MS Office, Windows, and essential tools for everyday tasks.</li><li><strong>Tally Prime Essentials</strong>: Accounting basics, GST, inventory management, and financial reporting.</li><li><strong>Practical Projects</strong>: Real-world scenarios for hands-on experience in accounting and financial software.</li><li><strong>Duration</strong>: 8 months of interactive, career-focused training.</li></ul><p>Enroll in the <strong>best computer institute in Jahangirpuri, Delhi</strong>, and start your journey toward becoming a skilled accountant. Visit <a href=""https://www.computerinstituteindelhijahangirpuri.com/"">computerinstituteindelhijahangirpuri.com</a> for details and enrollment.</p>",3,3100,3,php,2024-12-13,2024-12-13
128,iRtdZkYru7.jpeg,HDCS(WEB) + PROJECT,"Excel Your Career with Advanced Skills: The Basic + Advanced Excel course at Nice Web Technologies in Jahangirpuri, Delhi, is a 5-month specialized program designed for students and professionals to master spreadsheet tools and data management techniques.

Tailored for Local Aspirants: Perfect for those in Jahangirpuri and nearby areas, this course offers hands-on training in Excel, covering everything from fundamentals to advanced MIS reporting skills.","<ul><li><strong>Basic Excel</strong>: Introduction to spreadsheets, data entry, formatting, and basic formulas.</li><li><strong>Advanced Excel (MIS)</strong>: Advanced formulas, pivot tables, dashboards, data visualization, and financial modeling.</li><li><strong>Practical Applications</strong>: Real-world projects for proficiency in business analysis and reporting.</li><li><strong>Duration</strong>: 5 months of interactive and practical training.</li></ul><p>Join the <strong>best computer institute in Jahangirpuri, Delhi</strong>, and become proficient in Excel for career success. Visit <a href=""https://www.computerinstituteindelhijahangirpuri.com/"">computerinstituteindelhijahangirpuri.com</a> to learn more and enroll now.</p>",3,15000,3,hdcs(web) + project,2024-12-13,2024-12-13
128,iRtdZkYru7.jpeg,HDCS(WEB),,,12,18700,12,hdcs(web),2024-12-13,2024-12-13
128,iRtdZkYru7.jpeg,ADV.EXCL,"Advanced Excel Course: Overview
The Advanced Excel Course is crafted for individuals who already have a basic understanding of Excel and wish to elevate their skills to an advanced level. This comprehensive course covers advanced functions, data analysis, and automation techniques including Macros and VBA. Students will gain the expertise to manage complex data, automate repetitive tasks, and create sophisticated reports.

Duration: 3 months
Mode: Classroom/Online
Certification: Yes","<h1><strong>Advance Excel Course at Nice Computer Institute in Jahangirpuri, Delhi</strong></h1><h2><strong>Introduction:</strong></h2><p>Welcome to Nice Computer Institute in Jahangirpuri, Delhi, your premier destination for advancing your Excel skills. Our Advance Excel course is meticulously crafted to empower individuals with comprehensive knowledge and practical skills necessary for excelling in data analysis, reporting, and decision-making.</p><h2><strong>Why Choose Our Advance Excel Course?</strong></h2><ol><li><strong>Expert Instructors:</strong>&nbsp;Learn from seasoned professionals with extensive experience in Excel and data analytics.</li><li><strong>Hands-on Training:</strong>&nbsp;Furthermore, our curriculum emphasizes practical exercises and real-world scenarios, ensuring effective learning.</li><li><strong>Customized Learning:</strong>&nbsp;Tailored to suit your pace and proficiency level, our course guarantees maximum comprehension and skill development.</li><li><strong>Job-Relevant Skills:</strong>&nbsp;Acquire highly sought-after skills, thereby enhancing your career prospects across industries.</li><li><strong>Small Class Sizes:</strong>&nbsp;Moreover, benefit from personalized attention and guidance in our intimate class settings.</li><li><strong>Flexible Schedule:</strong>&nbsp;Additionally, choose from flexible class timings to accommodate your busy schedule.</li></ol><h2><strong>Course Curriculum:</strong></h2><p>Our Advance Excel course covers a comprehensive range of topics, including but not limited to:</p><ul><li><strong>Advanced functions and formulas</strong></li><li><strong>Data visualization techniques</strong></li><li><strong>PivotTables and PivotCharts</strong></li><li><strong>Macros and VBA programming</strong></li><li><strong>Data analysis and modeling</strong></li><li><strong>Financial modeling and forecasting</strong></li><li><strong>Power Query and Power Pivot</strong></li><li><strong>Advanced charting techniques</strong></li></ul><h2><strong>Who Should Attend:</strong></h2><ul><li>Working professionals looking to enhance their Excel skills for improved job performance.</li><li>Students seeking to augment their resumes with valuable skills for better career opportunities.</li><li>Entrepreneurs and business owners aiming to streamline their data analysis processes for informed decision-making.</li></ul><h2><strong>Why Excel Matters:</strong></h2><p>Excel transcends its role as a spreadsheet program; it becomes a powerful tool for data analysis, reporting, and decision-making across various industries. Proficiency in Excel is a valuable asset in today’s competitive job market, opening doors to lucrative career opportunities and enabling professionals to make data-driven decisions confidently.</p><h2><strong>Enroll Today:</strong></h2><p>Don’t miss out on the opportunity to advance your Excel skills and elevate your career. Contact us today to enroll in our Advance Excel course at Nice Computer Institute in Jahangirpuri, Delhi. Let us empower you with the knowledge and skills you need to succeed in the digital age.</p><h2><strong>Contact Information:</strong></h2><p>For inquiries and enrollment, please contact us at:</p><p>Phone: +91 9312945741</p><p>Email: nicewebtechnologies@gmail.com</p><p>Visit our website for more information:</p><p><a href=""http://computerinsituteindelhijahangirpuri.com/"" target=""_blank"" style=""color: rgb(0, 33, 71); background-color: rgba(255, 255, 255, 0);"">computerinsituteindelhijahangirpuri.com</a></p><p>Follow us on social media for updates and insights:</p><ul><li><a href=""https://www.facebook.com/nicewebtechnologies"" target=""_blank"" style=""color: rgb(0, 33, 71); background-color: rgba(255, 255, 255, 0);"">Facebook</a></li><li><a href=""https://www.twitter.com/nicewebtechno"" target=""_blank"" style=""color: rgb(0, 33, 71); background-color: rgba(255, 255, 255, 0);"">Twitter</a></li><li><a href=""https://www.youtube.com/nicewebtechnologies"" target=""_blank"" style=""color: rgb(0, 33, 71); background-color: rgba(255, 255, 255, 0);"">YouTube</a></li><li><a href=""https://www.instagrm.com/nicewebtechnologies"" target=""_blank"" style=""color: rgb(0, 33, 71); background-color: rgba(255, 255, 255, 0);"">Instagram</a></li></ul><p><br></p>",3,27200,3,adv.excl,2024-12-13,2024-12-13
128,iRtdZkYru7.jpeg,MARG,,,4,12000,4,marg,2024-12-13,2024-12-13
128,iRtdZkYru7.jpeg,Share Trading,,,3,12000,3,share trading,2024-12-13,2024-12-13
128,iRtdZkYru7.jpeg,BCA,,,72,8000,72,bca,2024-12-13,2024-12-13
128,iRtdZkYru7.jpeg,ENGLISH,,,4,12350,4,english,2024-12-13,2024-12-13
128,iRtdZkYru7.jpeg,IELTS,,,4,14350,4,ielts,2024-12-13,2024-12-13
128,iRtdZkYru7.jpeg,MARG+TALLY,,,8,3100,8,marg+tally,2024-12-13,2024-12-13
128,iRtdZkYru7.jpeg,ADV.EXCL+TALLY(PRIME),,,6,21350,6,adv.excl+tally(prime),2024-12-13,2024-12-13
128,iRtdZkYru7.jpeg,TYPING+(DCA)PRIME,,,5,6350,5,typing+(dca)prime,2024-12-13,2024-12-13
128,iRtdZkYru7.jpeg,DCA(DTP),,,8,2150,8,dca(dtp),2024-12-13,2024-12-13
128,iRtdZkYru7.jpeg,TALLY+EXCL,,,6,12350,6,tally+excl,2024-12-13,2024-12-13
128,iRtdZkYru7.jpeg,EXCEL+PRIME,,,4,24850,4,excel+prime,2024-12-13,2024-12-13
128,iRtdZkYru7.jpeg,BASIC+EXCL(MIS),,,5,30350,5,basic+excl(mis),2024-12-13,2024-12-13
128,iRtdZkYru7.jpeg,TYPING,,,3,5350,3,typing,2024-12-13,2024-12-13
128,iRtdZkYru7.jpeg,ADV. Exl + DCA(Prime),"Accelerate Your Accounting Skills: The Tally Prime + Advanced Excel course at Nice Web Technologies in Jahangirpuri, Delhi, is a specialized program designed for students and professionals seeking expertise in financial accounting and data analysis.

Perfect for Local Aspirants: Tailored for learners in Jahangirpuri and nearby areas, this course equips you with practical knowledge of Tally Prime and advanced Excel tools, crucial for a career in accounting or MIS reporting.",,6,8350,6,adv. exl + dca(prime),2024-12-13,2024-12-13
128,iRtdZkYru7.jpeg,PYTHON,,,3,9950,3,python,2024-12-13,2024-12-13
128,iRtdZkYru7.jpeg,BASIC+TYPING,,,6,5350,6,basic+typing,2024-12-13,2024-12-13
128,iRtdZkYru7.jpeg, OLD HDCA(WEB),,,12,16350,12, old hdca(web),2024-12-13,2024-12-13
128,iRtdZkYru7.jpeg,OLD HDCS(WEB),,,12,20000,12,old hdcs(web),2024-12-13,2024-12-13
128,iRtdZkYru7.jpeg,OLD HDCS(WEB + DIG),,,15,10850,15,old hdcs(web + dig),2024-12-13,2024-12-13
128,iRtdZkYru7.jpeg, OLD BASIC+EXCL(MIS),,,5,14700,5, old basic+excl(mis),2024-12-13,2024-12-13
128,iRtdZkYru7.jpeg,OLD DTP,,,3,10000,3,old dtp,2024-12-13,2024-12-13
128,iRtdZkYru7.jpeg,OLD DCA + ADV.EXCEL,,,12,9950,12,old dca + adv.excel,2024-12-13,2024-12-13
128,iRtdZkYru7.jpeg,Graphic + MultiMedia,,,4,18350,4,graphic + multimedia,2024-12-13,2024-12-13
128,iRtdZkYru7.jpeg,BASIC+EXCL+TALLY(PRIME),,,9,6500,9,basic+excl+tally(prime),2024-12-13,2024-12-13
128,iRtdZkYru7.jpeg,BASIC+MARG,,,8,15600,8,basic+marg,2024-12-13,2024-12-13
128,iRtdZkYru7.jpeg,BASIC+ADV. EXL,,,6,7850,6,basic+adv. exl,2024-12-13,2024-12-13
128,iRtdZkYru7.jpeg,Adv.Excel+Marg,,,8,15500,8,adv.excel+marg,2024-12-13,2024-12-13
128,iRtdZkYru7.jpeg,HDCA,"All-in-One Professional Computer Course: The HDCA (Hardware and Digital Computer Applications) course at Nice Web Technologies in Jahangirpuri, Delhi, is a 12-month comprehensive program that equips you with essential computer skills for career advancement.

Designed for Local Aspirants: This course includes foundational to advanced knowledge in Excel, Tally Prime, and Graphic Design, making it perfect for students and job seekers in Jahangirpuri and nearby areas.","All-in-One Professional Computer Course: The HDCA (Hardware and Digital Computer Applications) course at Nice Web Technologies in Jahangirpuri, Delhi, is a 12-month comprehensive program that equips you with essential computer skills for career advancement.

Designed for Local Aspirants: This course includes foundational to advanced knowledge in Excel, Tally Prime, and Graphic Design, making it perfect for students and job seekers in Jahangirpuri and nearby areas.",12,16200,12,hdca,2024-12-13,2024-12-13
128,iRtdZkYru7.jpeg,MARG + ENG,,,8,7850,8,marg + eng,2024-12-13,2024-12-13
128,iRtdZkYru7.jpeg,Video Editing,,,3,15100,3,video editing,2024-12-13,2024-12-13
128,iRtdZkYru7.jpeg,DTP,,,2,5350,2,dtp,2024-12-13,2024-12-13
128,iRtdZkYru7.jpeg,CCA,,,6,10350,6,cca,2024-12-13,2024-12-13
128,iRtdZkYru7.jpeg,WEB + PYTHON,,,3,10600,3,web + python,2024-12-13,2024-12-13
128,iRtdZkYru7.jpeg,TALLY+BUSY,,,6,9800,6,tally+busy,2024-12-13,2024-12-13
128,iRtdZkYru7.jpeg,BASIC+PYTHON,,,6,18100,6,basic+python,2024-12-13,2024-12-13
128,iRtdZkYru7.jpeg,BASIC+ADV. EXCL+TALLY,,,8,13600,8,basic+adv. excl+tally,2024-12-13,2024-12-13
